Timestamp,Battery_Voltage,Solar_Current,Temperature,CPU_Load,Signal_Strength,Status
01-01-2026 00:00,28.193420287452714,4.591498566606957,17.388356944959433,46,92,0
01-01-2026 00:01,28.194804734267247,4.928773361343918,23.09159394421622,53,79,0
01-01-2026 00:02,27.685127552039514,4.845646361,19.485803957127874,65,84,0
01-01-2026 00:03,28.202836580590024,4.958655286672414,21.83673317,61,83,0
01-01-2026 00:04,28.136290991721943,4.596286988300249,34.671969236870375,85,56,1
01-01-2026 00:05,28.45296587637313,4.259222259115155,22.62029889794574,55,81,0
01-01-2026 00:06,28.170740932560257,5.208297046383858,24.34447884631263,42,97,0
01-01-2026 00:07,28.317574316120314,5.385652569395459,24.080187970729327,27,84,0
01-01-2026 00:08,28.143123277279063,4.283130017000738,22.487500167919226,38,95,0
01-01-2026 00:09,28.293978732909157,5.147570464370487,20.894961798826486,68,98,0
01-01-2026 00:10,27.613864853029668,5.433273166,22.269405221690803,67,87,0
01-01-2026 00:11,27.963476662866725,5.238364418704929,20.509473958312697,59,77,0
01-01-2026 00:12,27.988305169531742,4.8333319285295735,21.50892769498457,69,92,0
01-01-2026 00:13,27.926875015919414,4.622601452099697,28.545433558951032,48,85,0
01-01-2026 00:14,28.13316598909502,5.032391231739996,22.45547425220885,57,83,0
01-01-2026 00:15,28.190313896348727,5.099114023538752,23.12561254259387,28,86,0
01-01-2026 00:16,28.117677123121343,5.0383230044623595,20.236298377424095,34,82,0
01-01-2026 00:17,27.946916835633598,4.927946147952974,24.55018354107467,28,82,0
01-01-2026 00:18,27.77928097604646,4.566939310350897,23.90068105665856,66,99,0
01-01-2026 00:19,28.32915582224687,5.169075316523541,23.918381386637712,50,81,0
01-01-2026 00:20,28.10491984498415,5.188341798,22.537228116883657,66,86,0
01-01-2026 00:21,27.69441584248018,5.080328850184669,24.585475239416926,40,92,0
01-01-2026 00:22,27.94189373750511,5.044397458028503,25.179212991586834,40,80,0
01-01-2026 00:23,27.477010096687792,5.6716997950984425,22.70774729837324,53,90,0
01-01-2026 00:24,28.01061118430423,4.7502484861706415,21.713469102499193,48,97,0
01-01-2026 00:25,27.940486017220422,5.512574038982662,24.236427475286902,38,95,0
01-01-2026 00:26,27.82765991,4.706390212311265,19.739686733600642,35,75,0
01-01-2026 00:27,28.47538005694106,5.4435802291825715,20.205099298461683,45,85,0
01-01-2026 00:28,27.653153764137365,5.493347020032218,21.866749142787747,23,75,0
01-01-2026 00:29,28.21191789,4.882779518639247,17.646607328904636,29,90,0
01-01-2026 00:30,28.65601244827956,5.664385221624333,24.068988183908562,22,83,0
01-01-2026 00:31,28.323180371115008,5.187614354698436,19.592715281335444,27,97,0
01-01-2026 00:32,27.99053836537067,4.649091023543773,20.821272446245608,29,79,0
01-01-2026 00:33,27.65977941,4.850337362244316,21.466801010800573,23,96,0
01-01-2026 00:34,27.591381347024665,5.453104922442661,22.098217053926376,22,83,0
01-01-2026 00:35,27.876534491512743,5.369225881,21.140866808942395,60,98,0
01-01-2026 00:36,27.79389977982583,4.576783839448284,21.83157238192413,29,79,0
01-01-2026 00:37,27.784135927312562,4.944297075123801,21.850930919023966,47,81,0
01-01-2026 00:38,27.902105963358625,5.081409193110605,20.882422605932184,24,83,0
01-01-2026 00:39,27.969325872134295,4.796958164369756,20.067013855903088,67,99,0
01-01-2026 00:40,28.14556358429359,5.943119889349887,24.703684810889005,31,93,0
01-01-2026 00:41,27.62866113416127,5.093465497,16.73898574433324,57,95,0
01-01-2026 00:42,27.795326861160085,4.975275124,21.485712102476292,52,88,0
01-01-2026 00:43,27.952098375153255,5.476340417703236,20.82775132028946,58,94,0
01-01-2026 00:44,27.94135444197302,4.853914586064466,23.046978716816216,51,90,0
01-01-2026 00:45,28.550927112224027,5.402971044246929,18.364268008702478,45,91,0
01-01-2026 00:46,28.069673977817157,4.332907041766806,20.75053664689099,58,95,0
01-01-2026 00:47,27.515923056412174,4.8185383815017735,21.74410066502561,60,99,0
01-01-2026 00:48,28.12545440847603,5.419628167350899,24.67518402592615,38,89,0
01-01-2026 00:49,28.163699116823192,5.628079088235868,22.83046241698856,67,86,0
01-01-2026 00:50,27.96246159152658,4.690681714797603,19.041279472827846,69,91,0
01-01-2026 00:51,27.63598099767724,4.644071345512541,33.75034636274367,95,43,1
01-01-2026 00:52,28.52741640859404,5.226978572148184,24.215128381651727,66,99,0
01-01-2026 00:53,27.679034825925623,4.750786442032915,18.998062835192332,25,92,0
01-01-2026 00:54,28.19823166192478,4.892568832897842,21.803389329069073,47,98,0
01-01-2026 00:55,28.06001515871918,5.350562009894863,21.97719886868431,52,93,0
01-01-2026 00:56,28.18024316470893,4.782359127354395,21.03554235019809,66,98,0
01-01-2026 00:57,28.512057377250198,4.213829699385726,28.739379456997288,26,93,0
01-01-2026 00:58,28.16849166164231,4.479566225757647,20.968171351381127,60,97,0
01-01-2026 00:59,27.83240073188694,5.003982234288112,23.124412898419493,23,79,0
01-01-2026 01:00,28.331797682538387,4.254630740610846,20.084247199451788,37,99,0
01-01-2026 01:01,27.810670164986764,4.881135833081072,23.31936997999851,54,83,0
01-01-2026 01:02,28.04906740341858,4.443161393502403,24.176968992129837,34,94,0
01-01-2026 01:03,27.612074917595262,5.655975602746239,20.530089908134755,61,84,0
01-01-2026 01:04,27.690015631798975,5.866057037906269,21.863245461953667,66,86,0
01-01-2026 01:05,28.015416001130856,4.5767211590631725,19.761800575272815,27,93,0
01-01-2026 01:06,28.110426012574262,5.102703472015167,19.13899046987527,32,88,0
01-01-2026 01:07,27.48928281319269,4.615838507201259,24.591988581250515,23,92,0
01-01-2026 01:08,28.14918621,4.876273759178195,20.61499763529088,55,76,0
01-01-2026 01:09,27.75417130702051,5.721387731182322,15.965969178729825,64,95,0
01-01-2026 01:10,28.38390640470135,4.813324580909406,26.413390391234056,50,85,0
01-01-2026 01:11,27.89441067135265,4.885585015105154,19.994761692343484,26,94,0
01-01-2026 01:12,27.662913319135004,4.6229882931089215,21.384067390629923,28,82,0
01-01-2026 01:13,28.022741367387777,5.458475751065945,26.102266263735785,21,89,0
01-01-2026 01:14,27.72512949967638,3.694693318990389,21.64564476,44,89,0
01-01-2026 01:15,28.38068354242994,4.822881071387352,21.59165849449534,56,78,0
01-01-2026 01:16,28.00015906225993,4.9816455623458165,18.929567388623667,27,86,0
01-01-2026 01:17,27.954497013072015,4.735569068059634,17.912915750931084,62,90,0
01-01-2026 01:18,28.17754031,5.345418203092467,21.584034338509678,32,95,0
01-01-2026 01:19,27.69851576823991,5.480810914,22.907024435187235,45,97,0
01-01-2026 01:20,27.613253903401446,4.435184194848194,22.76381352052693,53,84,0
01-01-2026 01:21,28.12250547383249,5.837394661508322,20.79684729882696,46,91,0
01-01-2026 01:22,27.670098787597357,4.430696470258594,22.050644498367355,43,79,0
01-01-2026 01:23,27.669996953875163,5.515452272670337,17.406975011680082,36,97,0
01-01-2026 01:24,28.251026809366266,5.0599310794142776,23.150417551738695,41,96,0
01-01-2026 01:25,28.15751923299518,4.798519561154474,22.403514611925115,31,99,0
01-01-2026 01:26,27.623851137264126,4.8362532281296655,26.934152235457145,34,87,0
01-01-2026 01:27,27.81425919,4.986594883735875,22.018699116072618,57,83,0
01-01-2026 01:28,27.728880533216103,5.083367144745512,19.643326619634802,64,93,0
01-01-2026 01:29,28.532895789412173,4.631938259,21.87319216477795,62,93,0
01-01-2026 01:30,28.271803128271184,4.906424016928644,21.18050049996041,36,80,0
01-01-2026 01:31,27.87374654619842,4.6917308708289625,37.02719537237142,97,55,1
01-01-2026 01:32,28.172858406803048,4.513980189170451,22.067230154312966,22,91,0
01-01-2026 01:33,27.59314414422075,4.673075319016841,18.85013324736839,33,86,0
01-01-2026 01:34,27.798206154643154,4.540010146921825,17.91064177951495,49,84,0
01-01-2026 01:35,28.031458979782567,4.8319380348997925,22.65727050658254,33,80,0
01-01-2026 01:36,28.135669224743776,5.1729899621873665,25.457786352673097,56,85,0
01-01-2026 01:37,27.970762262345968,5.048284141671185,22.19836971,22,81,0
01-01-2026 01:38,28.074404053214266,5.789737911,24.033243384800517,40,82,0
01-01-2026 01:39,28.023500937985936,4.115818794512033,24.53202289,34,79,0
01-01-2026 01:40,27.950926779393306,5.187736386485676,22.66697961448667,44,84,0
01-01-2026 01:41,27.91115632234273,5.002568095409741,19.963771280346478,21,90,0
01-01-2026 01:42,27.872120538196665,5.326268136948787,22.488270212613912,40,84,0
01-01-2026 01:43,28.069581252588577,5.286586081724163,25.017682219001202,59,78,0
01-01-2026 01:44,28.123244676759835,4.934003299945929,23.324726373999784,62,95,0
01-01-2026 01:45,28.05950775019565,5.069060513942702,23.87061335707164,32,85,0
01-01-2026 01:46,27.64642088499968,4.702372314832606,20.843634395770437,41,89,0
01-01-2026 01:47,27.700321644657045,5.245471991741781,21.494115600636295,54,88,0
01-01-2026 01:48,28.11966454178442,4.248449579,21.703181722749083,43,87,0
01-01-2026 01:49,28.441501990201264,5.310730575459727,21.87165499365801,47,85,0
01-01-2026 01:50,28.045724638467625,4.990730622305556,24.919895790030896,37,93,0
01-01-2026 01:51,27.876499476256903,4.805175184867564,16.132065679154582,61,96,0
01-01-2026 01:52,28.067302136632833,4.906986720221309,22.076345761454593,51,97,0
01-01-2026 01:53,27.65895357324597,4.9363215061646475,21.801259060762863,68,86,0
01-01-2026 01:54,28.39268294696094,5.518921504192201,18.571247146389627,58,83,0
01-01-2026 01:55,28.05597824335241,6.293397465299405,23.67941804146866,38,77,0
01-01-2026 01:56,27.799162836036835,5.487948329660153,20.188749520137687,36,86,0
01-01-2026 01:57,27.949961360172136,4.773869685644097,21.10741838,24,99,0
01-01-2026 01:58,27.841889130380917,5.251912729714111,26.62195476938511,51,81,0
01-01-2026 01:59,28.393500993045052,5.269331666422993,24.52493412384764,57,96,0
01-01-2026 02:00,27.93932797316588,4.629935711021112,23.43621734786279,37,93,0
01-01-2026 02:01,28.046609723834678,4.495680281111728,22.951942336611012,21,91,0
01-01-2026 02:02,28.172117936995388,4.974687628433284,21.588299943886643,61,89,0
01-01-2026 02:03,27.777770018870637,5.323083041080574,26.998443163425254,31,93,0
01-01-2026 02:04,28.058112839840547,4.355276692959428,24.005419078600596,49,77,0
01-01-2026 02:05,28.082330670818262,4.711640852938237,20.12612521508687,22,78,0
01-01-2026 02:06,27.533776353693813,5.229060683596162,18.499744304455866,23,79,0
01-01-2026 02:07,28.075808946633284,5.0166894453082325,23.417095004973174,64,94,0
01-01-2026 02:08,27.98627138051706,5.566509448239598,21.860327175303887,53,85,0
01-01-2026 02:09,28.03898989,4.435453018369462,18.42765458263458,20,80,0
01-01-2026 02:10,28.01068891404717,5.940865973379783,23.071465414278954,25,76,0
01-01-2026 02:11,28.077750961885023,4.384803022572168,21.3274321,44,87,0
01-01-2026 02:12,28.401202967702847,4.188334512468696,23.326662313818673,54,84,0
01-01-2026 02:13,27.646147776374466,4.976434888201077,23.104350536452266,41,79,0
01-01-2026 02:14,27.897354299349875,4.546216428701596,20.479339946140403,63,75,0
01-01-2026 02:15,28.19998558868885,4.984497734382049,23.58211191106051,52,93,0
01-01-2026 02:16,28.144277760318374,4.970509248418133,20.75523729341275,50,94,0
01-01-2026 02:17,28.137821666002626,4.9216903151570275,20.91779531704757,34,81,0
01-01-2026 02:18,28.826073164702002,4.663035587121288,20.669321483446556,54,87,0
01-01-2026 02:19,28.184240657235012,5.1730624610318765,24.827436069515677,63,81,0
01-01-2026 02:20,28.339281338876507,4.8730651540931325,21.298569029864098,22,85,0
01-01-2026 02:21,27.907878382344247,5.441465948301905,25.43110795141063,56,77,0
01-01-2026 02:22,27.702126287830815,4.927851098988677,26.45871217546715,63,98,0
01-01-2026 02:23,27.90570477122991,4.614141030853364,20.153202157863877,41,93,0
01-01-2026 02:24,28.213588051403022,4.324915779262646,14.697511713257667,58,97,0
01-01-2026 02:25,28.12204835644875,4.931156227420652,24.611273858178183,37,82,0
01-01-2026 02:26,28.120975411179664,4.492318171454951,21.14507025659965,29,96,0
01-01-2026 02:27,27.935696683960863,4.460015258398089,19.83453396717002,60,87,0
01-01-2026 02:28,27.88785921435611,5.210982923658795,20.528204734617578,35,79,0
01-01-2026 02:29,27.946042826712016,4.288931975534643,20.962965446584928,57,83,0
01-01-2026 02:30,28.217342635049565,5.564877351333165,25.24298272673435,35,95,0
01-01-2026 02:31,28.252218228451124,5.063886553758216,22.399778098293787,39,94,0
01-01-2026 02:32,27.698127505098633,4.982462947590015,25.20899657527034,54,93,0
01-01-2026 02:33,28.228702767829436,4.586093623779766,23.235550298196237,37,80,0
01-01-2026 02:34,27.80478363077313,5.305748918537176,21.226923190123788,60,91,0
01-01-2026 02:35,28.140676495552317,4.9988380265610415,21.024106991976858,21,98,0
01-01-2026 02:36,27.942410277261253,4.725561343,23.404021876874005,20,76,0
01-01-2026 02:37,28.469736564771694,5.079929878660636,24.051064073331773,24,83,0
01-01-2026 02:38,27.874577611305657,4.326885817824248,24.491981714252173,32,77,0
01-01-2026 02:39,28.053583552268435,4.345869147380345,21.346153721560643,22,77,0
01-01-2026 02:40,28.18197794726783,4.551925565879569,22.438014641011183,39,99,0
01-01-2026 02:41,27.737812344963135,5.139810907043886,23.460101023138314,21,81,0
01-01-2026 02:42,27.978142883371916,4.998696671277547,21.040087435157844,57,79,0
01-01-2026 02:43,27.92002453461306,5.419591706222301,19.162649915493084,27,76,0
01-01-2026 02:44,27.84585595497821,4.632004059132569,19.98432233324469,68,99,0
01-01-2026 02:45,27.86808309955503,5.229867136192537,21.397411393630037,62,86,0
01-01-2026 02:46,28.333604379441038,4.954451779041888,23.655517848050753,54,94,0
01-01-2026 02:47,27.82043478,4.622781922103629,25.147443738930257,59,81,0
01-01-2026 02:48,28.169922364801483,5.154123068285168,18.609881978163447,58,91,0
01-01-2026 02:49,28.094378500609345,4.973595256701907,20.506637465175043,62,97,0
01-01-2026 02:50,27.580905965267448,4.748352322341841,21.10534375734187,47,91,0
01-01-2026 02:51,28.155750831527932,5.0167996348576365,23.98679258076661,51,87,0
01-01-2026 02:52,27.575946037072693,4.948187845625043,20.67972366152875,43,80,0
01-01-2026 02:53,28.18842754844955,4.938524772592999,20.92566916263132,51,80,0
01-01-2026 02:54,27.847842507060747,4.83496274,18.47001855712444,39,89,0
01-01-2026 02:55,28.002510175976937,4.478020584442545,23.208518289933146,26,86,0
01-01-2026 02:56,27.611716015112098,5.029906166357949,21.596502313508612,66,76,0
01-01-2026 02:57,28.036714697081443,4.6789142505114345,20.36488741255101,54,79,0
01-01-2026 02:58,28.278085125391186,4.591868452942373,21.35121693879476,55,85,0
01-01-2026 02:59,27.757910371593212,4.903720062358957,24.817488754828158,34,79,0
01-01-2026 03:00,27.817849874156796,5.293610617668872,19.487782729200394,58,88,0
01-01-2026 03:01,28.136386307070246,5.074245403076392,19.89585092224101,45,82,0
01-01-2026 03:02,28.143885497094082,4.787543116656964,25.130631118664052,23,82,0
01-01-2026 03:03,27.269746210477447,4.771461576852857,22.189437070047145,67,77,0
01-01-2026 03:04,28.60462190913483,5.254325304875508,23.67438524177979,69,87,0
01-01-2026 03:05,28.15856605,4.041305692221104,23.004379775014215,63,79,0
01-01-2026 03:06,28.20907559873589,5.318945995679792,33.251988539873814,92,46,1
01-01-2026 03:07,27.956937866001393,4.250393690027864,21.129252202128608,31,98,0
01-01-2026 03:08,27.443393947434327,4.433836836670808,24.078895056209547,20,97,0
01-01-2026 03:09,28.20241661837507,4.794293667,24.90584141952789,56,91,0
01-01-2026 03:10,27.830443591530734,5.868049657172338,24.71047086754024,64,95,0
01-01-2026 03:11,28.163179508255002,5.670967744005707,19.03632091588079,25,98,0
01-01-2026 03:12,27.934359678921183,5.282595102318854,25.26227754461082,54,92,0
01-01-2026 03:13,28.071411813734912,5.142616951,21.105161864505888,21,81,0
01-01-2026 03:14,27.767501085577226,4.255089213,20.112426156137914,58,87,0
01-01-2026 03:15,28.25931668280368,5.062703265,21.576680758078815,21,96,0
01-01-2026 03:16,27.64348629,4.780311392576012,24.07782108812183,68,91,0
01-01-2026 03:17,28.673670827601757,4.673332266550911,23.351160460070155,28,84,0
01-01-2026 03:18,28.671384590496103,5.061921235989864,21.36153397036433,40,79,0
01-01-2026 03:19,28.489809875639953,4.811555996221321,24.09416466719494,54,78,0
01-01-2026 03:20,28.38264369573235,5.3477198183875405,22.349651451898588,62,84,0
01-01-2026 03:21,27.97463549252991,4.225618092954933,20.567571336151566,38,95,0
01-01-2026 03:22,28.34996401172416,5.030004568938393,20.229911792603765,69,88,0
01-01-2026 03:23,27.97114705051716,4.648361110594383,23.02558711105405,20,76,0
01-01-2026 03:24,27.533944737326408,4.836145668433723,21.793705660460997,43,97,0
01-01-2026 03:25,28.450960424209207,5.121850567791697,18.56123711646591,69,85,0
01-01-2026 03:26,28.33864733887675,4.5530768549559735,45.478243166059784,92,42,1
01-01-2026 03:27,27.99059826770337,5.065692855724986,20.79931242843895,46,95,0
01-01-2026 03:28,27.632444722800656,4.9150647179162945,25.980299119971985,42,84,0
01-01-2026 03:29,27.82413979702631,4.7357652539292445,18.49252503711322,39,90,0
01-01-2026 03:30,27.453656324533746,4.811771005595632,21.548228509024973,58,98,0
01-01-2026 03:31,28.283524255785395,4.938179243525229,20.250055788901932,45,87,0
01-01-2026 03:32,27.519007309940747,4.692865394974715,19.561443699056653,55,90,0
01-01-2026 03:33,28.086049261044003,5.002837790130244,20.78302320810406,45,83,0
01-01-2026 03:34,27.746891995666093,4.888729351,26.426419022592455,69,97,0
01-01-2026 03:35,27.571988966500157,4.755486985173215,22.35842542519876,43,76,0
01-01-2026 03:36,28.071506527983573,5.635936893561194,20.020729903006426,59,81,0
01-01-2026 03:37,27.89986018440639,5.166095969024648,36.29478018577285,86,57,1
01-01-2026 03:38,28.25145673162761,4.846915106950818,17.696593634130785,60,87,0
01-01-2026 03:39,27.61971841938139,5.058344172329884,20.65884213970316,64,79,0
01-01-2026 03:40,27.772805606357853,4.589271945290597,20.41578003965335,31,85,0
01-01-2026 03:41,27.283707337452732,4.825291357288567,21.439873234413785,35,81,0
01-01-2026 03:42,27.344695995301624,4.871969019824701,16.31954049891037,35,88,0
01-01-2026 03:43,28.539457722993554,4.501282436036047,21.770796012383666,44,80,0
01-01-2026 03:44,28.62507947,5.154941619197767,24.56932443786777,44,84,0
01-01-2026 03:45,28.027817861567186,4.797754919,26.057103118410488,20,97,0
01-01-2026 03:46,27.752851370228047,4.8578133330210385,17.26388463020715,64,77,0
01-01-2026 03:47,27.91046532235297,4.772512056350658,19.99651810190211,62,94,0
01-01-2026 03:48,28.26207226074591,6.1836362362572395,19.86441534756366,50,76,0
01-01-2026 03:49,27.845683294053387,4.734953939930395,22.364303568814126,35,86,0
01-01-2026 03:50,28.071290160112508,4.172529218445669,18.950568830308868,61,91,0
01-01-2026 03:51,27.996173184855625,4.360027211616465,26.205658121816704,33,98,0
01-01-2026 03:52,27.82935619897514,5.303721049078174,22.108806179214348,35,81,0
01-01-2026 03:53,27.84214217620244,5.534581076673252,21.692134276751972,69,76,0
01-01-2026 03:54,28.08799626150565,4.727281123450859,25.981784334456943,66,93,0
01-01-2026 03:55,27.70693355908377,5.511579867854185,21.95988093979163,49,97,0
01-01-2026 03:56,28.135518803687056,5.296635999937018,23.000758516246723,28,89,0
01-01-2026 03:57,27.858526312105244,4.924207947605565,20.123004316769876,26,76,0
01-01-2026 03:58,28.03821019139447,4.895821486491786,18.573744837364043,68,87,0
01-01-2026 03:59,28.415188769850566,5.072348090566261,20.474095921239424,33,84,0
01-01-2026 04:00,27.949542386431915,5.350982328861456,27.46743959736206,54,86,0
01-01-2026 04:01,28.275941302057596,5.158917826238008,23.58255237071739,37,76,0
01-01-2026 04:02,27.462390143234853,4.729276679280522,22.686337092777624,44,82,0
01-01-2026 04:03,27.858891095907822,4.9303171811894755,19.559066524537002,69,99,0
01-01-2026 04:04,28.00830658632282,5.792505382,24.278127002459613,49,76,0
01-01-2026 04:05,28.576999203761936,5.100485518918477,18.60576681421552,41,97,0
01-01-2026 04:06,27.412014375022032,5.347730170753046,18.082358875794046,40,87,0
01-01-2026 04:07,27.97113704143217,5.215953994899693,20.602782192795885,31,89,0
01-01-2026 04:08,28.437006655274878,5.109343097599081,26.88622727990362,47,98,0
01-01-2026 04:09,27.764493878419938,5.043479560006028,26.74473558098153,48,80,0
01-01-2026 04:10,27.936148356872298,5.358956250129991,20.871907679373642,24,99,0
01-01-2026 04:11,28.09952169551666,5.287456894124273,20.31450245450504,40,81,0
01-01-2026 04:12,28.055352566116834,5.105557391204619,17.899094898600552,52,83,0
01-01-2026 04:13,28.469731142636324,4.722494989780845,22.19507681380021,22,86,0
01-01-2026 04:14,28.13454214302197,5.154223522219389,22.40503188,68,90,0
01-01-2026 04:15,28.398331868654267,4.973196825412766,23.973890635492282,63,83,0
01-01-2026 04:16,27.891997492807025,4.876697635461969,24.27676878331291,51,94,0
01-01-2026 04:17,27.77784237662491,6.071510389986427,21.506445205838418,20,75,0
01-01-2026 04:18,27.93228304209411,4.384379476916869,23.39006968689896,45,91,0
01-01-2026 04:19,27.65226907198972,5.383405143622993,20.24840283038366,64,91,0
01-01-2026 04:20,28.14505350886303,4.654931622298467,23.342606333401715,21,88,0
01-01-2026 04:21,27.884236566173428,5.052478195737359,20.731919804538602,59,90,0
01-01-2026 04:22,27.798463330006758,6.027435007636074,23.148646289917345,61,93,0
01-01-2026 04:23,28.14959752,4.615052402070375,22.946253313213415,23,97,0
01-01-2026 04:24,27.656885266607713,4.710450938069094,22.17200906423766,31,80,0
01-01-2026 04:25,28.23115066415674,4.992994505,23.986349295398387,56,86,0
01-01-2026 04:26,27.85649878345259,4.661113216947455,18.074002321598286,65,89,0
01-01-2026 04:27,28.347728933228254,5.35362254,19.33770945444765,58,83,0
01-01-2026 04:28,27.88217872653113,4.786188225574682,21.324850816117415,46,99,0
01-01-2026 04:29,28.189572899967377,5.261603856059735,18.39184153081669,50,87,0
01-01-2026 04:30,28.053868712131873,4.468324347279973,20.982838713613237,46,89,0
01-01-2026 04:31,28.223170562114348,4.277267399,21.063424262306125,48,79,0
01-01-2026 04:32,28.03298406764429,4.908406008418781,25.274209466666733,58,85,0
01-01-2026 04:33,27.500980776297027,4.372596864784962,22.356334255728655,22,90,0
01-01-2026 04:34,28.30263806177264,5.607307565,24.573573940159694,30,85,0
01-01-2026 04:35,27.973695123262626,4.3880786038020005,22.754186797024296,22,94,0
01-01-2026 04:36,28.236854823206443,4.584925324931721,20.660831821919835,59,78,0
01-01-2026 04:37,28.207073943060657,5.165447954189844,22.33429201936628,56,78,0
01-01-2026 04:38,27.768011055696597,4.765454419975198,23.823565834830433,22,83,0
01-01-2026 04:39,27.72556137844741,4.392644812052959,24.983503316106454,25,82,0
01-01-2026 04:40,28.19660653,5.8159856640287835,21.669224842663915,33,95,0
01-01-2026 04:41,27.909025291176846,4.599346479,17.88122339036764,32,96,0
01-01-2026 04:42,28.28092878383995,4.921496877,17.705494356445246,45,86,0
01-01-2026 04:43,27.946539717141093,4.916322991957588,21.183968474707783,44,87,0
01-01-2026 04:44,28.307022933234485,5.284123660786631,16.155246247130066,37,82,0
01-01-2026 04:45,28.12699134526273,5.184940984268423,26.487761164342075,28,88,0
01-01-2026 04:46,28.086392498114243,4.669279584907597,23.492333078499335,52,92,0
01-01-2026 04:47,27.887796640377918,4.8696691130226775,20.41083247625689,59,93,0
01-01-2026 04:48,28.069728284218456,4.9092310265832735,19.22588101497801,52,99,0
01-01-2026 04:49,28.357855814485813,5.299583799279425,24.570297739940276,60,89,0
01-01-2026 04:50,27.983735362401003,4.532671234,24.174014926425905,83,48,1
01-01-2026 04:51,28.159352333105158,5.807244222702312,19.45443309099737,62,76,0
01-01-2026 04:52,28.01390802287491,4.696326645016223,20.085135149933272,52,92,0
01-01-2026 04:53,28.037381212823625,4.996500241297363,22.285218536435814,22,95,0
01-01-2026 04:54,28.517023227081488,4.536004224122704,23.551993597868496,36,88,0
01-01-2026 04:55,28.360519009311865,4.480736395343754,24.98168058353916,41,98,0
01-01-2026 04:56,28.023821144558717,4.650228636368951,24.612428247366754,55,82,0
01-01-2026 04:57,28.06433622638081,4.611790712934298,22.001934273086853,62,76,0
01-01-2026 04:58,27.789438848934708,4.834297190338067,24.551304934390835,52,90,0
01-01-2026 04:59,27.948108536120515,4.608413988494504,20.32250097,38,78,0
01-01-2026 05:00,28.092819336264583,5.278220968517684,17.447834963845082,59,77,0
01-01-2026 05:01,28.255184076870737,4.686806442,20.32217232072373,54,92,0
01-01-2026 05:02,28.224766269073275,4.642473802619234,19.98434871430928,59,85,0
01-01-2026 05:03,27.667222283228647,4.842812454353092,20.42003232050206,49,90,0
01-01-2026 05:04,28.29309481920359,5.3971355514785175,19.601563176895276,52,93,0
01-01-2026 05:05,27.973367896186733,5.0859504694441595,20.84722605605072,37,84,0
01-01-2026 05:06,27.70390259329674,4.960124188045012,23.550043035233944,39,90,0
01-01-2026 05:07,28.400915421229577,4.4267820920125285,26.288142756656427,33,88,0
01-01-2026 05:08,28.438983699021385,4.542916616054516,17.68663381435244,32,89,0
01-01-2026 05:09,28.07912409,4.488636024,18.78066343274814,52,92,0
01-01-2026 05:10,28.21263808057157,5.522740489468939,20.02138435317958,39,84,0
01-01-2026 05:11,28.23023476262333,5.212225249252659,23.91435469359148,26,87,0
01-01-2026 05:12,28.418731645843675,4.655351796430322,21.487631392567376,21,89,0
01-01-2026 05:13,28.218420557629518,4.7742513424697375,20.18972694224094,63,78,0
01-01-2026 05:14,27.601693516768428,4.669883929505066,23.791832519263554,41,80,0
01-01-2026 05:15,28.602942324691337,4.645655513447717,24.390975665854924,48,77,0
01-01-2026 05:16,28.319697066844014,5.184120412486473,21.953100101440924,65,79,0
01-01-2026 05:17,27.84714273841817,4.884985511686275,19.95945193344864,25,85,0
01-01-2026 05:18,27.691112478292776,5.832467097718985,22.675698918088482,66,98,0
01-01-2026 05:19,28.151444029121226,5.500143929806799,21.416829478868582,55,98,0
01-01-2026 05:20,27.916521988489727,5.523792136186689,21.39746689053635,52,94,0
01-01-2026 05:21,28.09899860619969,5.26854279,20.71899945349541,41,88,0
01-01-2026 05:22,28.223022052383477,4.830936371797124,24.312458118305223,55,80,0
01-01-2026 05:23,27.830067433600963,5.239116353811833,22.624700565816983,30,83,0
01-01-2026 05:24,27.6651676,4.860466922188537,24.589252204724076,35,94,0
01-01-2026 05:25,28.115745540361594,5.652110420291345,25.340815363695313,68,97,0
01-01-2026 05:26,27.839983643416907,5.161711753219969,34.45882311488551,97,37,1
01-01-2026 05:27,28.04382873571972,5.104944143441206,20.73380721278712,55,84,0
01-01-2026 05:28,27.59700206891132,5.050829064971803,24.60081558054946,66,87,0
01-01-2026 05:29,27.924345182657607,5.696106570944343,23.164161755695886,49,87,0
01-01-2026 05:30,28.21448557,4.426499866465286,28.508419442019097,34,76,0
01-01-2026 05:31,28.181779752294037,5.735315131067491,22.775257221236718,62,77,0
01-01-2026 05:32,27.76349260873802,4.925538477018345,23.74422009753521,61,76,0
01-01-2026 05:33,27.649520689204586,4.43754041,22.72605972824008,47,93,0
01-01-2026 05:34,28.004729106925538,4.699116107342777,21.752253520329706,25,80,0
01-01-2026 05:35,28.168309839105824,4.3396770949105665,21.353021126031084,42,92,0
01-01-2026 05:36,28.121552542057767,5.261462698234256,22.735609611646417,41,84,0
01-01-2026 05:37,27.846352046691607,4.584682819861392,23.30293937953464,29,94,0
01-01-2026 05:38,28.08934733274598,5.067467066,24.885969749111062,40,77,0
01-01-2026 05:39,28.450706641382798,5.453686812066339,22.77212639575941,27,83,0
01-01-2026 05:40,28.06154340619271,4.731193228573545,20.842777061436927,54,80,0
01-01-2026 05:41,27.510055619254413,4.892758522790243,21.182865008502542,41,85,0
01-01-2026 05:42,28.060960101430194,4.478653356033593,18.69265764274205,56,89,0
01-01-2026 05:43,28.613187091363784,4.844657156419521,26.153034608930774,42,79,0
01-01-2026 05:44,27.613782756065323,6.029609450109349,20.64706596619788,55,91,0
01-01-2026 05:45,28.008917398548707,5.311173265644177,24.418601150344767,56,99,0
01-01-2026 05:46,27.93209937009036,4.894107832442558,22.691377143606335,28,76,0
01-01-2026 05:47,28.02876488778252,4.755324785527314,22.759329577098516,42,77,0
01-01-2026 05:48,28.058275645946132,4.982946641737427,21.706380311819157,57,98,0
01-01-2026 05:49,28.34199159581888,5.052020300877456,20.030502778433316,49,91,0
01-01-2026 05:50,28.025434985920242,4.832372117141697,19.578661498770064,31,97,0
01-01-2026 05:51,28.383177867163614,5.2120236783084515,26.321163472012344,61,92,0
01-01-2026 05:52,27.964703302364054,4.618621003975837,22.284902697093116,29,92,0
01-01-2026 05:53,27.89495896780761,4.616644930006292,24.81316936546913,69,78,0
01-01-2026 05:54,27.799245105088417,5.148078182820082,25.462267344113126,55,87,0
01-01-2026 05:55,27.454873891263954,4.532543298574241,20.972882674751965,36,84,0
01-01-2026 05:56,28.08273442357775,5.291606901145016,23.05876441481961,29,95,0
01-01-2026 05:57,28.616200086541554,4.994287755041227,22.11252693872837,65,76,0
01-01-2026 05:58,28.137470643185758,4.268836312513114,19.10696549245778,46,75,0
01-01-2026 05:59,28.206024206248504,5.043799650224379,21.53630006023936,60,88,0
01-01-2026 06:00,27.876090602495662,4.325941350164403,23.46876647559807,61,99,0
01-01-2026 06:01,27.926699982617897,5.277344803862264,20.752426862472856,23,99,0
01-01-2026 06:02,28.295392446499978,4.900514268299761,21.187892011570348,54,89,0
01-01-2026 06:03,28.602608092086946,5.740433686602728,21.56658286153589,36,85,0
01-01-2026 06:04,28.446384380739048,5.428525137749043,27.27882332827526,65,81,0
01-01-2026 06:05,28.241573388918408,4.575722998,32.12804455900284,82,50,1
01-01-2026 06:06,28.010545173817153,4.1917040544634325,23.254108247568148,21,79,0
01-01-2026 06:07,28.062915674280198,4.697959497283451,21.36665230686959,53,78,0
01-01-2026 06:08,27.773947804171524,4.511496558867852,20.398362728743916,47,87,0
01-01-2026 06:09,27.565549743609203,5.730295234750837,21.305310732109337,47,84,0
01-01-2026 06:10,27.66196049267202,4.995874136,23.668440609583556,33,87,0
01-01-2026 06:11,28.014940010356582,5.373367521673266,23.81130899,44,97,0
01-01-2026 06:12,27.912402321571996,4.885987634979766,22.46504280608688,68,81,0
01-01-2026 06:13,27.559167488584094,4.928133004687742,24.73185329114157,58,96,0
01-01-2026 06:14,27.98880298628508,4.9869491909964365,25.17208248775144,69,80,0
01-01-2026 06:15,27.904470902660215,5.442615727436978,24.040939854876537,36,83,0
01-01-2026 06:16,27.648145343414775,5.124649902269839,20.634518872131952,63,75,0
01-01-2026 06:17,27.88894629681398,4.577066462609334,23.236103873032192,39,91,0
01-01-2026 06:18,27.9037141,5.649005655234567,23.248001647846422,66,96,0
01-01-2026 06:19,27.81500885802266,4.882873800405474,19.96092141588362,63,97,0
01-01-2026 06:20,28.27800104943278,4.81779195,18.076402764864355,28,79,0
01-01-2026 06:21,27.429129531372006,3.8681978791003857,16.943060946563612,68,94,0
01-01-2026 06:22,27.40426030278671,5.253759836464535,22.174638725280378,50,78,0
01-01-2026 06:23,28.000985735334726,5.0404050558647535,22.745099287167296,58,90,0
01-01-2026 06:24,28.02883815681769,5.039970262640761,19.045546055868964,48,92,0
01-01-2026 06:25,28.121264540805694,4.838870131555673,24.615080831378407,30,78,0
01-01-2026 06:26,27.83830794751627,4.769912863946887,22.38054537324103,69,77,0
01-01-2026 06:27,27.72462286,4.852167829267828,25.373631537288382,25,76,0
01-01-2026 06:28,27.997805160191515,5.185264348450912,22.926339674958978,60,92,0
01-01-2026 06:29,27.86752656,5.255647109,19.33416607030212,30,90,0
01-01-2026 06:30,28.46532142139671,4.907587365,23.145703033225374,59,77,0
01-01-2026 06:31,27.902731825022443,5.379574997726704,43.90231481380259,92,50,1
01-01-2026 06:32,27.984044454484877,4.968410327593009,20.630941035282486,31,94,0
01-01-2026 06:33,28.742625441879383,4.798309432750538,18.394767506725312,31,80,0
01-01-2026 06:34,27.941571931980793,5.079366229962946,22.250740160766515,35,90,0
01-01-2026 06:35,28.16684705955973,4.456245432602456,19.49788841170954,65,82,0
01-01-2026 06:36,28.193892830015905,5.093087324,24.80221915765283,58,81,0
01-01-2026 06:37,28.219420493115464,4.383127157789451,20.98205829893352,53,84,0
01-01-2026 06:38,28.086846179623375,4.588909216006495,26.311502766233247,51,83,0
01-01-2026 06:39,28.058152238323153,4.192523437,16.68960333120291,40,87,0
01-01-2026 06:40,28.030100286951136,4.9299532189313995,22.33698901036287,65,80,0
01-01-2026 06:41,27.82720182932987,5.643853480923638,25.573481600253302,33,84,0
01-01-2026 06:42,28.09765564085178,4.953169335567426,19.774239210281756,67,90,0
01-01-2026 06:43,28.608593751227378,5.257434151773251,21.601997660932412,39,84,0
01-01-2026 06:44,28.363204572689067,5.940925558924956,20.99241071408989,37,91,0
01-01-2026 06:45,28.09117540666739,5.161622339248038,20.290580894619293,43,77,0
01-01-2026 06:46,28.256748939431798,4.693915182164791,22.611556602785704,57,78,0
01-01-2026 06:47,27.739247227380805,4.748972558905665,18.76144599750224,55,96,0
01-01-2026 06:48,27.921846353740083,5.000263283289202,21.722578046674435,58,86,0
01-01-2026 06:49,28.284354953255217,4.746842142,23.289985594211434,24,90,0
01-01-2026 06:50,28.446150158037458,4.776765200074627,21.46226572153339,28,93,0
01-01-2026 06:51,27.768740148371386,5.394101563703796,19.499489500035562,62,78,0
01-01-2026 06:52,27.85492350717305,5.410462512308885,24.575463496503755,69,99,0
01-01-2026 06:53,28.65441273816356,4.341243007180534,23.825642404042124,26,85,0
01-01-2026 06:54,28.02887837493069,4.672732192839912,19.397032071740647,65,97,0
01-01-2026 06:55,28.547008591810112,4.814398245234643,18.764731087443646,33,85,0
01-01-2026 06:56,28.06205719518274,5.239635578466101,19.62018896001544,68,85,0
01-01-2026 06:57,28.07385408469763,5.457230235402262,23.36318291371804,69,90,0
01-01-2026 06:58,27.90835273370203,6.080787173709553,22.688932247406363,51,79,0
01-01-2026 06:59,28.282766542453068,4.813730681486936,23.975206781114284,29,90,0
01-01-2026 07:00,28.40733327,4.833708514263188,21.184624454873465,59,99,0
01-01-2026 07:01,27.68949933095774,5.235428006255086,19.688164406249733,25,91,0
01-01-2026 07:02,27.894264834333867,4.727113312418056,24.297116221036248,36,76,0
01-01-2026 07:03,28.274523557312268,4.9436152554037935,20.61637871637209,51,92,0
01-01-2026 07:04,27.961135408664703,4.833984756486582,22.466370139634947,23,75,0
01-01-2026 07:05,27.85198435944004,3.9513384312383284,18.125187902211565,39,77,0
01-01-2026 07:06,28.302862646160822,5.049293292060618,20.575473939193003,59,82,0
01-01-2026 07:07,28.331035961413754,4.927055616278884,24.523490802353784,24,82,0
01-01-2026 07:08,27.86510737279836,5.50849242,20.209313583325358,38,75,0
01-01-2026 07:09,28.063709958396384,5.002196163014542,24.03625955362875,20,75,0
01-01-2026 07:10,27.63745756122873,4.498101008674331,16.172450759529518,52,94,0
01-01-2026 07:11,27.73135572685639,4.896760451,20.601520850892037,23,86,0
01-01-2026 07:12,28.037249569640014,4.163566862745348,21.57161338530467,34,79,0
01-01-2026 07:13,28.009422036273953,4.515632865920143,26.356350758356015,46,85,0
01-01-2026 07:14,27.70993717248081,5.254202387261199,19.07734279996387,30,92,0
01-01-2026 07:15,27.78520782258233,4.901063824018535,23.677483238617725,31,93,0
01-01-2026 07:16,27.680486689013332,5.369003295799226,24.642329453121985,61,82,0
01-01-2026 07:17,28.136517957073963,4.213243099648781,20.196275881889314,58,79,0
01-01-2026 07:18,27.40970824099243,4.903015441070499,21.066190128068275,24,98,0
01-01-2026 07:19,27.69652683113194,4.809795000644886,22.35407193452976,62,90,0
01-01-2026 07:20,27.441117535650303,5.382339433045282,18.296287582018678,43,99,0
01-01-2026 07:21,28.125706181157394,5.269105107266649,20.86224197034661,27,82,0
01-01-2026 07:22,27.459179934983588,5.256900860035319,25.19028010236604,65,77,0
01-01-2026 07:23,28.009518759560663,5.6165640152336405,23.306637027161052,36,84,0
01-01-2026 07:24,28.491857204724226,4.852765156285374,21.608121776291892,36,83,0
01-01-2026 07:25,28.50203019438127,5.534032334120288,22.28268090459121,27,92,0
01-01-2026 07:26,27.458227729246353,4.5823175396481055,23.45226341382443,64,92,0
01-01-2026 07:27,28.089522880489287,4.567648900093722,23.931025369775284,34,76,0
01-01-2026 07:28,27.703308611085863,5.301098628599336,20.608964631552244,49,89,0
01-01-2026 07:29,27.642059189286922,4.398103705,25.836802358199172,31,83,0
01-01-2026 07:30,27.965959013682976,5.2291062513675834,25.290870503011654,64,90,0
01-01-2026 07:31,28.368487347079938,5.0405252774885305,23.693144075883033,59,84,0
01-01-2026 07:32,28.179897662266107,5.428741091461949,19.89260033538527,45,88,0
01-01-2026 07:33,27.785457721455135,4.976222414018045,19.449440233073517,37,92,0
01-01-2026 07:34,28.2115102,5.022419579,21.183490508508516,52,82,0
01-01-2026 07:35,27.326887500435497,5.203705997169962,22.151912744111026,44,79,0
01-01-2026 07:36,27.774116260470027,4.734940179976089,17.57877033610237,67,92,0
01-01-2026 07:37,27.752832536589626,4.717517477003912,23.23673283386314,53,98,0
01-01-2026 07:38,28.023496207521678,5.189771775937368,25.21865565962118,21,86,0
01-01-2026 07:39,27.93915161,4.988284876347745,23.441185349577193,61,99,0
01-01-2026 07:40,27.957558671914036,4.837074433078288,20.309867992989414,29,79,0
01-01-2026 07:41,27.947584140968157,4.966886360120933,20.013991506498773,35,95,0
01-01-2026 07:42,28.006722172296726,5.637823803135332,22.749630860435197,41,99,0
01-01-2026 07:43,28.162039290087467,4.822792637304043,21.61674071165455,30,82,0
01-01-2026 07:44,28.044799307830715,4.811192154687194,23.10760293563977,67,78,0
01-01-2026 07:45,27.914694455018633,4.317022310135002,23.50430343151409,68,91,0
01-01-2026 07:46,28.120524483941434,4.983058824737154,24.729726322236655,27,96,0
01-01-2026 07:47,28.24783706309583,5.262753404496157,19.169691427676195,36,77,0
01-01-2026 07:48,27.83319223278321,5.334479246272347,22.55404736962328,38,91,0
01-01-2026 07:49,27.982179180798198,5.0432870406522134,21.09131249009669,53,96,0
01-01-2026 07:50,28.348571968913976,5.382333429232354,21.753412390161596,49,75,0
01-01-2026 07:51,27.669171796819793,5.292492160752097,24.16102213167186,53,87,0
01-01-2026 07:52,28.54141065887678,5.445180091876905,24.43281468262811,21,76,0
01-01-2026 07:53,27.59825350757813,5.393721062191025,25.496109125959137,45,79,0
01-01-2026 07:54,27.89639061663858,5.6279912784429005,23.06397562592067,30,87,0
01-01-2026 07:55,27.714943000937197,4.932122733,21.724958023110513,31,83,0
01-01-2026 07:56,28.656378099060813,4.469176783055397,21.36780382637404,58,77,0
01-01-2026 07:57,27.848994991345855,5.265487497474168,17.663112494013326,27,95,0
01-01-2026 07:58,27.84974765304144,5.312221275729111,25.349337612246508,21,80,0
01-01-2026 07:59,27.888775378018025,5.627998157352456,21.195253965535827,44,96,0
01-01-2026 08:00,28.028680842368185,5.512516142467883,23.264742650007275,56,79,0
01-01-2026 08:01,27.901467466328647,5.778188982345826,23.697491314356082,45,87,0
01-01-2026 08:02,27.96013395861328,5.247941592130613,18.88671122737465,28,93,0
01-01-2026 08:03,26.941237014092877,5.091524236775451,19.691634018850912,58,87,0
01-01-2026 08:04,28.01714795080055,4.446006751469701,25.867549767638735,39,85,0
01-01-2026 08:05,28.005341986445995,5.123238613805632,22.72608878920886,55,93,0
01-01-2026 08:06,28.311570639223717,4.778998657251472,20.54853583925371,30,75,0
01-01-2026 08:07,28.39271828448382,5.084604005372988,21.68413247218114,65,95,0
01-01-2026 08:08,27.94368758158246,5.021805274523863,24.715592262082097,34,92,0
01-01-2026 08:09,28.244868724502187,5.188693435540054,24.33578619933576,68,94,0
01-01-2026 08:10,27.66952936586656,4.961067716184596,18.33479559440089,38,85,0
01-01-2026 08:11,28.230202702808832,5.374008076293034,26.08570960917973,56,84,0
01-01-2026 08:12,27.828257260259626,3.910738274849977,24.41537008,45,89,0
01-01-2026 08:13,27.644590759560984,5.075997430063138,21.618811876646035,23,91,0
01-01-2026 08:14,27.944323396538785,5.480995911661025,19.020693892283198,24,98,0
01-01-2026 08:15,28.420141734159333,5.748019403382486,24.635021600152314,40,96,0
01-01-2026 08:16,28.054301661019252,5.292784535354025,23.191068750736548,29,76,0
01-01-2026 08:17,28.448946444303512,5.673953209033016,18.355504054805586,50,78,0
01-01-2026 08:18,27.77538018585526,5.067574398303497,21.419804811604056,26,98,0
01-01-2026 08:19,28.314355331364396,5.001145030370825,29.81543235698122,49,84,0
01-01-2026 08:20,27.804351988828916,5.211766257,22.041254393536054,30,89,0
01-01-2026 08:21,28.06759860144676,4.998722286843574,20.145073514160856,29,76,0
01-01-2026 08:22,28.065004848597823,4.687057012793056,19.47875844,38,77,0
01-01-2026 08:23,28.19844752017725,4.793903902,26.43024745857355,49,85,0
01-01-2026 08:24,28.07522219,4.555138837569537,24.11939872394422,39,92,0
01-01-2026 08:25,27.778244638653455,5.211350837946098,25.51859778479307,37,94,0
01-01-2026 08:26,28.26409208562777,5.0045567250001906,22.620463210230394,37,97,0
01-01-2026 08:27,28.519496978297617,4.855885553296761,25.135048088331967,36,79,0
01-01-2026 08:28,27.824858973323163,4.773326497265084,19.879199026130223,40,80,0
01-01-2026 08:29,27.44943037706649,5.202022538,22.406477452287646,61,88,0
01-01-2026 08:30,28.149795870506136,5.312179272244028,22.71763378743184,48,88,0
01-01-2026 08:31,27.900645881784357,4.547794401397927,25.456117329688052,41,75,0
01-01-2026 08:32,27.960669143213412,4.484926132089753,22.79710760035114,57,86,0
01-01-2026 08:33,28.166853326719302,5.381803982248406,20.436220645659464,46,97,0
01-01-2026 08:34,27.86308227105232,4.449946704604562,22.160184597300933,67,79,0
01-01-2026 08:35,27.91934441,5.2189947335289935,17.80896699,48,95,0
01-01-2026 08:36,27.969964144919025,5.646763679501605,16.197578166824332,30,86,0
01-01-2026 08:37,28.440926181395504,5.647693921357254,24.078353425270716,48,88,0
01-01-2026 08:38,28.009020881234076,5.295149036252837,21.06314028423414,58,91,0
01-01-2026 08:39,27.629297925755512,5.283523806128848,21.34645675254933,30,92,0
01-01-2026 08:40,27.641236455657666,5.900762980078582,24.077366698416537,30,90,0
01-01-2026 08:41,28.04176897649788,4.0662417348424915,25.49252596,49,77,0
01-01-2026 08:42,27.661171599792706,4.814265729567746,23.336219887068957,64,82,0
01-01-2026 08:43,27.531308953922753,5.339396739630641,26.82018207554453,36,96,0
01-01-2026 08:44,28.190660797280202,4.865085196863217,35.472476376027515,87,52,1
01-01-2026 08:45,28.205349520860594,5.495911323442813,22.755533658949986,52,92,0
01-01-2026 08:46,27.889559039831845,4.984258375875923,22.600972056261497,53,88,0
01-01-2026 08:47,28.088097787345514,5.0526975441350395,18.78626109466596,27,77,0
01-01-2026 08:48,28.05643649325865,4.890130134301625,24.389996514100307,39,78,0
01-01-2026 08:49,28.180725815790726,4.790995616476776,15.886334949961785,69,99,0
01-01-2026 08:50,28.18142497118194,4.781156014740939,20.534367856810555,64,75,0
01-01-2026 08:51,27.21826342374183,5.108466519,37.59738489909062,84,37,1
01-01-2026 08:52,27.92785031245528,4.690174013670854,20.025594191466592,21,75,0
01-01-2026 08:53,28.15537125645344,5.381281953396515,20.870610192317947,40,90,0
01-01-2026 08:54,27.876863022688294,5.261290369841129,35.10627907008545,85,52,1
01-01-2026 08:55,28.010860791777947,5.439766576387936,24.760059714454197,35,79,0
01-01-2026 08:56,28.225209994503423,4.548430258,20.285430797983153,63,94,0
01-01-2026 08:57,28.02427756997565,4.320209381285422,20.82608372256906,39,92,0
01-01-2026 08:58,28.45237582517046,4.998325697747295,18.80749012862039,28,80,0
01-01-2026 08:59,28.338095875684335,6.159520245423808,23.762484465015344,56,76,0
01-01-2026 09:00,27.96443075410857,5.506483511237828,21.37564387397381,57,87,0
01-01-2026 09:01,27.940586148782565,4.778221476597315,17.08383382276363,52,77,0
01-01-2026 09:02,27.14490276843959,5.169804853772536,22.251958979525146,60,77,0
01-01-2026 09:03,27.90204934093284,5.291034762977473,23.097447209004564,55,86,0
01-01-2026 09:04,27.594019332186843,4.452644703706856,24.40785243293763,51,95,0
01-01-2026 09:05,28.066368862600186,5.547850347613842,21.81661301355806,64,99,0
01-01-2026 09:06,28.04586121,4.933030349271624,21.068322093034045,36,90,0
01-01-2026 09:07,28.208756726808033,4.963727662156856,26.96566170122382,42,81,0
01-01-2026 09:08,28.419001141584456,5.009513863773543,22.01646539024888,48,83,0
01-01-2026 09:09,27.99211917109841,5.457816055723158,23.798904578994836,53,90,0
01-01-2026 09:10,28.684124893576957,4.697927136719437,20.651150891559354,43,79,0
01-01-2026 09:11,28.06973543356597,4.317211998086219,23.72477412908958,42,87,0
01-01-2026 09:12,27.60693508188501,5.129182117160018,18.360927518989755,28,94,0
01-01-2026 09:13,27.831378437466963,4.182536765530749,20.844831135703416,51,96,0
01-01-2026 09:14,27.888175989907655,4.8795585619457835,18.979314401434866,26,76,0
01-01-2026 09:15,28.177638145346013,5.474749715943528,20.487566695326333,43,82,0
01-01-2026 09:16,27.71582502993121,5.231637561403495,25.126175100577676,40,81,0
01-01-2026 09:17,27.91060723515718,5.4169424262901105,20.469185276740756,58,88,0
01-01-2026 09:18,27.951687915761173,5.248140546081132,23.79564031368521,43,79,0
01-01-2026 09:19,27.865563757703338,5.964133795513363,25.79316296,20,98,0
01-01-2026 09:20,28.243424614503915,4.764704148937274,21.93105672,45,97,0
01-01-2026 09:21,28.192396416539605,5.159252671,24.48441776,30,83,0
01-01-2026 09:22,28.349970140531187,4.824751812,23.327714895346688,39,85,0
01-01-2026 09:23,27.90069244566664,5.382720507965948,22.29109232645883,34,85,0
01-01-2026 09:24,28.36075827029437,4.9753700495798014,23.875788973292323,28,76,0
01-01-2026 09:25,27.590800874206888,5.687537951777618,26.599845224979635,67,97,0
01-01-2026 09:26,27.583484709703043,4.787673617839209,20.406827718728618,32,94,0
01-01-2026 09:27,27.635859494172635,5.562850610286794,19.601997749559814,45,83,0
01-01-2026 09:28,28.002763507789627,5.2372558122175885,19.455213635861643,61,88,0
01-01-2026 09:29,28.360713434973327,4.987015572365208,24.486069924341386,38,84,0
01-01-2026 09:30,27.81935737580811,5.216976935,24.82341905782088,66,80,0
01-01-2026 09:31,27.85699197851067,5.104505755011677,20.65740766666516,40,82,0
01-01-2026 09:32,27.935194613407198,5.142381872100724,16.65996612640163,67,77,0
01-01-2026 09:33,28.171848437016298,4.917251570762244,20.313108150192285,42,95,0
01-01-2026 09:34,27.856712408993626,4.719364596978004,23.369635444517492,20,91,0
01-01-2026 09:35,27.83997491262505,4.8659715520149875,21.833192152542917,63,98,0
01-01-2026 09:36,27.596381420992692,4.326742008820711,22.45086936688842,63,75,0
01-01-2026 09:37,27.828483666646864,5.336779333,20.691638954311006,68,90,0
01-01-2026 09:38,28.35323853,4.505934411129808,24.53522281177441,26,89,0
01-01-2026 09:39,28.027277802543544,4.912941178,22.85797950438659,62,90,0
01-01-2026 09:40,27.778043646925624,5.259218016592413,36.04021528,97,56,1
01-01-2026 09:41,28.37084319181868,5.335758686839965,22.397664207566702,62,84,0
01-01-2026 09:42,27.824435949381943,4.290139225265104,23.31092040902711,68,78,0
01-01-2026 09:43,28.42598667384474,4.963260769909969,23.146429220452404,29,75,0
01-01-2026 09:44,28.421082093370032,5.183897879779529,19.679813429660545,38,87,0
01-01-2026 09:45,28.01680349,5.020806443704931,22.932657738437822,33,79,0
01-01-2026 09:46,27.550435141788494,5.537629983069418,23.978770429866298,35,78,0
01-01-2026 09:47,28.686850184603728,4.671277240034159,24.88785366548711,49,78,0
01-01-2026 09:48,28.116182816879363,4.180383547923921,23.040267870709283,40,81,0
01-01-2026 09:49,27.90283389258382,5.3241304067074084,19.58687370317116,52,77,0
01-01-2026 09:50,28.286838374432516,4.785165552152605,19.971706676064994,53,87,0
01-01-2026 09:51,28.210690836106405,4.296583760965601,39.76579013413228,86,63,1
01-01-2026 09:52,28.39328150496593,4.936595044,22.47365977034131,22,82,0
01-01-2026 09:53,27.801295663396033,5.49222319,21.69440974673102,57,78,0
01-01-2026 09:54,28.09554202383232,4.494698952874921,19.190669835922716,29,89,0
01-01-2026 09:55,27.64423893092652,5.934398381578907,19.175699914212373,29,77,0
01-01-2026 09:56,28.19990031872237,4.664847362185335,16.75369556273329,50,93,0
01-01-2026 09:57,27.993116389111844,5.034804342,14.201312690329974,33,84,0
01-01-2026 09:58,28.084302776646044,4.512347032860957,21.67054544261269,29,85,0
01-01-2026 09:59,27.95609508284786,5.016644139478406,27.80057593785714,35,81,0
01-01-2026 10:00,27.924703353823492,4.9465008712965295,26.491948809478565,46,82,0
01-01-2026 10:01,27.739530647795586,4.404202439067565,19.55442146969257,62,78,0
01-01-2026 10:02,28.23712906440527,6.130330787580364,22.374758243476528,69,88,0
01-01-2026 10:03,28.44691121102243,4.801865132392522,18.338551224874585,56,78,0
01-01-2026 10:04,27.832999492326973,4.802214977077589,18.71972617,64,92,0
01-01-2026 10:05,28.166062151491328,5.387614351741462,19.00631850592405,46,81,0
01-01-2026 10:06,28.129655087398074,5.725701953339388,21.43625328889542,40,89,0
01-01-2026 10:07,28.002429343404657,5.450574747201721,21.54385097447006,60,88,0
01-01-2026 10:08,27.542021279990585,4.5195279507893655,22.63175492701715,35,90,0
01-01-2026 10:09,27.60952079466682,5.0855636037978655,23.658040974260707,60,93,0
01-01-2026 10:10,27.76570541465453,4.247451007046002,21.157797691512105,69,89,0
01-01-2026 10:11,27.35829858292842,5.360682032528943,22.09050492665657,39,96,0
01-01-2026 10:12,28.422409218971683,4.3459247445878155,19.265468733274478,51,81,0
01-01-2026 10:13,28.110310968753915,4.678719470556305,18.638757439357047,59,93,0
01-01-2026 10:14,27.991011685480263,4.998719398387475,18.252569134879224,59,83,0
01-01-2026 10:15,27.34292925421965,5.178002624456405,29.33966828687864,81,63,1
01-01-2026 10:16,27.45283874349388,4.895626150641872,21.155230379779393,68,87,0
01-01-2026 10:17,27.999297583543914,5.607633470693153,17.322199342938994,45,97,0
01-01-2026 10:18,28.591146989645193,5.2892958328769115,21.842277618290975,22,81,0
01-01-2026 10:19,27.790406741238076,5.257889901625683,18.87794667053479,25,87,0
01-01-2026 10:20,28.259139404323733,4.508239639206135,26.15094704743243,56,79,0
01-01-2026 10:21,27.856029277697512,5.679747159018161,20.552945696032936,41,90,0
01-01-2026 10:22,28.01657177778666,4.678773942288595,23.70376496,25,75,0
01-01-2026 10:23,28.364405154667878,5.6950169731948375,24.72240756846247,46,85,0
01-01-2026 10:24,27.89621451095004,5.808878022770228,19.612678868607397,49,75,0
01-01-2026 10:25,27.79296852758436,5.205062613,22.19011779388677,23,83,0
01-01-2026 10:26,28.425421166237427,5.412805239071768,23.383669753470365,37,87,0
01-01-2026 10:27,28.013667346334078,3.7668320947772527,22.28886543102527,43,83,0
01-01-2026 10:28,28.32736152717585,4.921999033803849,22.902751898274545,59,84,0
01-01-2026 10:29,27.794425331984595,5.440866255967816,18.675926516102116,52,78,0
01-01-2026 10:30,28.42200226268829,5.369804107325634,23.38509054928631,24,92,0
01-01-2026 10:31,28.082088182360383,4.512110664760049,20.78458951456823,50,94,0
01-01-2026 10:32,28.13043629,4.882511184,40.79460277909049,98,35,1
01-01-2026 10:33,28.039488793428752,3.9854537979195412,24.29997211387866,22,76,0
01-01-2026 10:34,27.84835750540105,5.165197136069102,23.672021268795685,69,76,0
01-01-2026 10:35,27.99949515685151,4.24666864,22.871799313723685,24,91,0
01-01-2026 10:36,27.86722292860319,5.452191137115029,23.60532074046129,51,98,0
01-01-2026 10:37,28.287863818793436,5.473089944286963,23.721027634721963,37,96,0
01-01-2026 10:38,27.93908285,4.810253274,25.738752903459815,56,85,0
01-01-2026 10:39,27.55104783166183,5.208510372181635,21.91487325134307,62,87,0
01-01-2026 10:40,27.496172879503217,4.913160510375796,22.409892483605972,62,79,0
01-01-2026 10:41,27.48198455430387,5.096763358005947,38.694088068140914,82,49,1
01-01-2026 10:42,28.185391227266184,4.541096231,20.774030975591216,60,94,0
01-01-2026 10:43,27.654548706587967,5.248997049295964,18.661831318305037,35,85,0
01-01-2026 10:44,28.09002573275157,4.343525907910234,23.233075436456925,43,87,0
01-01-2026 10:45,28.040972355247423,4.268027935068247,21.48494078846014,55,83,0
01-01-2026 10:46,27.980587421527066,4.951228673333203,18.98118147066408,28,82,0
01-01-2026 10:47,28.13152156101471,4.915502688155488,31.259228819870355,95,31,1
01-01-2026 10:48,28.047491061127158,5.108920692,25.57783253757312,46,95,0
01-01-2026 10:49,27.187081077165715,4.740197003905468,17.925643634277286,69,92,0
01-01-2026 10:50,27.902912427745452,5.754276666314236,24.55581249,22,84,0
01-01-2026 10:51,28.127530940219028,5.064241995751777,15.657331210635796,24,93,0
01-01-2026 10:52,28.49208484,5.093152711,20.999283424546213,21,83,0
01-01-2026 10:53,28.50593728497475,5.078893550962818,26.60128978060645,47,87,0
01-01-2026 10:54,27.591054845924422,5.4011639475792315,21.179189878717832,47,78,0
01-01-2026 10:55,27.895082410206168,5.230406965793786,22.22484598955248,49,92,0
01-01-2026 10:56,27.53016556,5.176807159883312,23.90716550193389,32,76,0
01-01-2026 10:57,28.455965522533024,5.294393641946236,17.70881621484837,35,93,0
01-01-2026 10:58,28.303856862444565,4.270154145181124,22.18023700209939,40,90,0
01-01-2026 10:59,28.105176366058952,4.285260939765689,40.11239040018063,84,37,1
01-01-2026 11:00,28.049828458378062,4.9695765018794225,26.65580243312185,57,87,0
01-01-2026 11:01,28.414189330104843,4.9209304469272395,18.91064792250544,22,80,0
01-01-2026 11:02,28.36339755842804,5.231923937619284,21.046151708874696,53,86,0
01-01-2026 11:03,28.347413408996836,5.0080067608734025,19.67911052294096,42,75,0
01-01-2026 11:04,28.137003957934677,5.232745973781684,19.41397049077155,69,93,0
01-01-2026 11:05,27.895231510145752,4.501761892175486,24.818506817661447,54,87,0
01-01-2026 11:06,28.230137449605266,4.995702171836522,22.066628755002043,43,84,0
01-01-2026 11:07,28.244812571576535,4.463577304816886,20.61108201,55,96,0
01-01-2026 11:08,27.94280875912241,5.154743174,20.70538524714366,25,91,0
01-01-2026 11:09,27.89462532434973,4.2486859830546715,20.59193230763651,29,90,0
01-01-2026 11:10,28.33999398086746,5.139324039416352,20.815492056480764,44,78,0
01-01-2026 11:11,28.499234832630883,4.4124002476411555,18.83888663927684,62,87,0
01-01-2026 11:12,27.77518126572557,4.8465888827112815,21.35317614,61,92,0
01-01-2026 11:13,27.920986997365606,5.357971077,21.10198327086964,38,98,0
01-01-2026 11:14,28.105279922936408,5.090951995439367,20.105508233991642,34,90,0
01-01-2026 11:15,28.145979699324585,4.3417359105102795,22.387615640762437,68,79,0
01-01-2026 11:16,27.843290092227612,4.7310424621223905,22.599723700295396,48,91,0
01-01-2026 11:17,28.565056189103213,4.399448589809279,20.60838196427073,25,76,0
01-01-2026 11:18,28.126628579663553,4.322096600157923,21.639664623084364,31,82,0
01-01-2026 11:19,28.159415022541165,5.04706527,27.39655931725214,61,97,0
01-01-2026 11:20,28.527665224453525,5.2241193374240416,27.30108314650534,64,95,0
01-01-2026 11:21,27.865281512426623,5.1762423682862755,19.36477452467566,65,97,0
01-01-2026 11:22,27.973470437067316,5.241050725951901,19.713881083528605,20,83,0
01-01-2026 11:23,27.624003331293512,4.995235659645672,19.35149180752001,61,92,0
01-01-2026 11:24,27.948294858323926,4.890643912500013,24.642634849930598,25,92,0
01-01-2026 11:25,27.553321742819392,4.570772269175074,21.003676751060766,60,81,0
01-01-2026 11:26,28.224354806257953,4.823968131,22.599185608990748,64,98,0
01-01-2026 11:27,28.12599903,4.471460645869532,26.99241833320221,38,99,0
01-01-2026 11:28,27.91687920788844,4.6619337891492325,21.973838014223844,29,77,0
01-01-2026 11:29,27.969872887654645,5.035570748175217,23.7656218,55,94,0
01-01-2026 11:30,28.228439924556696,4.952877564983631,23.301051873250984,23,86,0
01-01-2026 11:31,27.659261173933032,6.225891215,20.529456620760126,48,91,0
01-01-2026 11:32,28.061250360235757,4.461681760997997,40.31784083864448,85,58,1
01-01-2026 11:33,28.209852941937623,4.949960511667287,19.875747977249535,41,80,0
01-01-2026 11:34,27.465317776777827,4.4305071555185105,25.34969946611044,61,77,0
01-01-2026 11:35,28.205481401710607,4.84488565,20.531372586977202,69,87,0
01-01-2026 11:36,27.49778126102153,4.861162727153927,20.805080698659765,40,95,0
01-01-2026 11:37,27.96472165484454,5.337952010493256,19.27878044093302,34,95,0
01-01-2026 11:38,27.650982668771434,4.820133384312832,19.689351472958382,61,81,0
01-01-2026 11:39,28.429373973787005,4.923472159977536,20.933089194178663,40,96,0
01-01-2026 11:40,27.652863683754294,4.827872815011112,15.921628605223471,29,83,0
01-01-2026 11:41,27.504943032410385,4.439579302377116,21.416669147061008,65,89,0
01-01-2026 11:42,28.040005642478896,4.739159051282757,20.730064406896208,69,83,0
01-01-2026 11:43,27.875889105993753,4.847225313966473,23.97502774652958,34,88,0
01-01-2026 11:44,27.54861843140082,5.029530353362554,38.94909978220825,96,54,1
01-01-2026 11:45,28.157744559746455,5.223578915,20.230906422251756,27,92,0
01-01-2026 11:46,27.402550281265096,4.906161396115588,20.853623101435232,49,86,0
01-01-2026 11:47,27.68912770822506,4.899129494407461,21.413454903697755,35,88,0
01-01-2026 11:48,27.827434518873766,4.311674736605179,25.714891386189624,51,91,0
01-01-2026 11:49,28.24066671764654,5.215893806902541,19.944238298858895,57,85,0
01-01-2026 11:50,28.388640510103947,4.721640845139984,20.200598337623365,20,88,0
01-01-2026 11:51,28.33083467419827,5.298849295291911,19.178539620957125,62,77,0
01-01-2026 11:52,27.95401786286133,5.526575979141678,18.29490130140954,21,96,0
01-01-2026 11:53,27.271807526561453,4.9248339893227975,22.767509059063737,25,78,0
01-01-2026 11:54,28.117255906365568,4.590675487693643,22.507258327683026,56,96,0
01-01-2026 11:55,28.441172121767384,4.993320555,25.20690463208838,51,94,0
01-01-2026 11:56,28.37013712234407,5.139480799207456,24.603522519317323,68,98,0
01-01-2026 11:57,28.138884702923114,4.873791999501312,27.99279178632952,48,75,0
01-01-2026 11:58,27.643149170698464,4.7743846362482705,21.81531808114726,40,80,0
01-01-2026 11:59,27.842407898911475,5.225412884278965,21.348676090509482,53,76,0
01-01-2026 12:00,28.580144319623702,5.199031309877678,30.831189127798694,82,32,1
01-01-2026 12:01,27.57498113960076,4.861484143869137,23.741445418690816,53,97,0
01-01-2026 12:02,27.655647631554885,4.338373533895724,22.296335603615848,38,94,0
01-01-2026 12:03,28.282765465349584,5.1825512741517805,23.62816576252671,67,92,0
01-01-2026 12:04,27.87065222655834,4.6930691226234496,19.15218945,35,96,0
01-01-2026 12:05,27.645473463338615,5.085736430148124,22.879010472566748,37,75,0
01-01-2026 12:06,28.458391353616904,5.060462892671615,22.512999044884854,33,94,0
01-01-2026 12:07,28.138316793443543,4.244421029182934,22.34758759973422,34,82,0
01-01-2026 12:08,27.885459650686848,5.032432673764629,20.29183522952369,30,92,0
01-01-2026 12:09,27.656267549230144,5.205813010149782,24.973311621383495,49,94,0
01-01-2026 12:10,28.61422196915798,5.254860966124195,27.125768947445028,56,92,0
01-01-2026 12:11,27.99266445437602,5.046946300438525,19.224139934255962,41,85,0
01-01-2026 12:12,28.419198418740848,4.209125582420164,23.801109948982393,66,90,0
01-01-2026 12:13,28.268090063382832,5.510832424874655,14.805374621649026,43,86,0
01-01-2026 12:14,27.84372953150103,5.164409067017032,23.671524873706147,43,90,0
01-01-2026 12:15,27.846117665503066,4.518672268251809,17.324613458645615,23,86,0
01-01-2026 12:16,28.433894469380174,4.684894783936691,20.687581630251856,65,84,0
01-01-2026 12:17,28.438755199785994,5.092489683717808,18.717438345614376,27,80,0
01-01-2026 12:18,27.436925207163778,5.2719136773193025,21.46097126262651,28,84,0
01-01-2026 12:19,28.164934078294657,4.8048148574609195,24.096984245919572,66,93,0
01-01-2026 12:20,27.963635558582915,5.330210163,17.356716840682445,45,96,0
01-01-2026 12:21,27.69000305111845,4.282893268359929,21.101300776210902,23,77,0
01-01-2026 12:22,28.078523828415157,4.583016395562485,20.71657807795986,42,79,0
01-01-2026 12:23,27.595120962704083,4.174254396063167,25.952621709679686,49,87,0
01-01-2026 12:24,27.86006339360617,4.6410379428521225,23.079402519625713,20,92,0
01-01-2026 12:25,27.76045788016901,5.603230873817638,19.056957216816443,57,79,0
01-01-2026 12:26,27.85006262,5.823120893834161,20.82176405,53,83,0
01-01-2026 12:27,27.97855645,5.093836187292177,25.890260595963827,20,76,0
01-01-2026 12:28,27.695330001428353,4.7446283170925785,23.78591329193506,50,76,0
01-01-2026 12:29,28.47195370866199,4.911344039659623,19.704416343986445,31,78,0
01-01-2026 12:30,28.14798497001824,5.189335956333209,21.332323654042277,56,93,0
01-01-2026 12:31,28.538368908514617,4.374807659344367,21.41222712897963,38,96,0
01-01-2026 12:32,27.951976009276596,4.771000329607518,20.655045182110484,30,87,0
01-01-2026 12:33,27.835363011310868,5.57395723,17.724469609195776,45,79,0
01-01-2026 12:34,28.52752468434791,4.581715972268655,20.30594571152508,42,98,0
01-01-2026 12:35,27.826582078037806,4.700390040295383,25.472998264663435,37,81,0
01-01-2026 12:36,27.946512393403264,5.005277462392576,21.047138782347062,63,78,0
01-01-2026 12:37,28.216014223149195,5.113256903801884,21.74186592,52,78,0
01-01-2026 12:38,27.628682257510818,4.749998381520211,22.351314117133935,44,83,0
01-01-2026 12:39,28.213388405438096,5.0307857533007825,27.545353486780314,31,93,0
01-01-2026 12:40,28.17500411984938,5.2431758134957756,22.022186928542403,48,84,0
01-01-2026 12:41,28.380797595411348,5.784580729505459,24.73486338395878,21,86,0
01-01-2026 12:42,28.267013350903042,4.9495022482260875,20.504549569872008,64,83,0
01-01-2026 12:43,28.38999350586327,4.983481073863775,21.351501848743773,20,98,0
01-01-2026 12:44,27.966873429847478,5.610980938391805,22.031381807775713,54,92,0
01-01-2026 12:45,27.741198904387883,4.780333656680762,20.064667645376538,37,91,0
01-01-2026 12:46,28.632995624225007,4.470258786895128,21.490705548492606,55,85,0
01-01-2026 12:47,27.54199131534341,5.100099590263585,24.220127339533175,38,88,0
01-01-2026 12:48,27.57204607633786,5.430470010035166,19.99908859727029,21,97,0
01-01-2026 12:49,28.16953841215265,5.144418854079874,22.000222577409097,67,91,0
01-01-2026 12:50,28.487495814453204,4.961193736981102,23.77183387913983,58,95,0
01-01-2026 12:51,28.056865253774248,4.420642650746064,19.93883487796814,22,76,0
01-01-2026 12:52,28.29979110991066,4.976652301892651,24.73853448153739,21,96,0
01-01-2026 12:53,27.401259181758412,5.493261970526534,22.182208699278306,46,98,0
01-01-2026 12:54,27.85013651134566,4.506353167384312,21.587193591651776,67,91,0
01-01-2026 12:55,27.437815657857023,4.902101130478691,16.979630485499463,48,98,0
01-01-2026 12:56,28.23412329,4.845006107136656,21.065968894966318,20,89,0
01-01-2026 12:57,27.535830602023296,4.720918171744902,22.928981040363258,54,81,0
01-01-2026 12:58,27.616654346190206,5.0991692018076025,26.36336254700617,41,90,0
01-01-2026 12:59,28.15420756148842,5.177322096502403,37.19793460547001,96,46,1
01-01-2026 13:00,28.318547305605318,5.173130761917375,24.815540579445873,37,78,0
01-01-2026 13:01,27.952309567531234,4.609276095,18.977238565945154,20,80,0
01-01-2026 13:02,28.171051751232554,4.3416065222665265,21.682943760867612,20,82,0
01-01-2026 13:03,28.161336450061928,5.104955374612292,25.05186610582216,51,88,0
01-01-2026 13:04,27.935371942167258,4.797632383406939,19.78066612400019,51,78,0
01-01-2026 13:05,27.671588355134126,5.7353249518747145,24.413056572432758,36,94,0
01-01-2026 13:06,28.16946742206539,5.753803878405979,23.833294661500833,24,77,0
01-01-2026 13:07,28.183928707232525,5.796275917758416,22.68680912112455,58,98,0
01-01-2026 13:08,28.26820732092708,4.623955639586114,21.178243437160063,27,91,0
01-01-2026 13:09,28.09361992722367,5.227747634696837,19.53426211356891,29,83,0
01-01-2026 13:10,27.649450025956202,5.348381006900594,26.438448235258285,42,84,0
01-01-2026 13:11,28.207102048410754,5.303341693417761,23.579656294310077,55,92,0
01-01-2026 13:12,27.99958568,4.858240822322457,22.851540311688623,69,77,0
01-01-2026 13:13,27.85517877,5.5116659611861305,20.967875629494372,51,92,0
01-01-2026 13:14,27.911609248841888,5.000189994546609,22.094679073974945,68,88,0
01-01-2026 13:15,27.792922846482885,5.0512424499741755,22.411793174925084,52,80,0
01-01-2026 13:16,28.26665313365633,4.384866619289142,22.999689211833932,62,97,0
01-01-2026 13:17,27.574565579925995,5.257905987829195,23.835850721179835,28,90,0
01-01-2026 13:18,27.701954219558075,4.895835314571036,20.043821185362273,22,79,0
01-01-2026 13:19,27.901368134598492,5.185911545,18.33350758628249,53,91,0
01-01-2026 13:20,28.48412525,5.0940454799218475,22.210702128183744,68,85,0
01-01-2026 13:21,28.316284164727854,5.072374630665508,17.631956656688097,56,94,0
01-01-2026 13:22,27.507747759025833,4.981714571013327,21.190847512515905,37,87,0
01-01-2026 13:23,28.405404126625747,5.3146398938641815,20.727025424720594,44,99,0
01-01-2026 13:24,28.404826065095104,4.920442985245973,23.229370480504173,25,98,0
01-01-2026 13:25,27.647797502193207,4.417921032218807,26.956492588715772,37,76,0
01-01-2026 13:26,27.243562518821065,5.227582242549573,17.138523440241098,54,85,0
01-01-2026 13:27,27.978333513295826,4.676397790035344,27.685462575796002,28,80,0
01-01-2026 13:28,28.336727322789947,4.470295262927144,21.417312102202434,44,86,0
01-01-2026 13:29,28.47737859094006,4.591102666342961,22.86952170543145,34,78,0
01-01-2026 13:30,27.738751820691625,5.113332951742768,18.46291960594071,44,88,0
01-01-2026 13:31,28.52559373139889,4.961392479,24.492178925565803,58,78,0
01-01-2026 13:32,27.331620281254988,4.146926788130861,22.10368134087931,64,90,0
01-01-2026 13:33,27.889584815851215,4.846537622778932,21.846331472029284,40,86,0
01-01-2026 13:34,27.874836799235275,5.467692489989906,17.156537212742617,61,99,0
01-01-2026 13:35,28.34570110747729,4.819481731626649,22.184492034618568,55,96,0
01-01-2026 13:36,28.389490739781934,4.933809378628963,24.114570809541434,66,90,0
01-01-2026 13:37,28.28626709663002,5.417196574930861,21.40930341129203,57,86,0
01-01-2026 13:38,27.59483498537623,5.318195703281814,24.935498364110376,47,92,0
01-01-2026 13:39,28.258785709539676,5.408700435060684,24.832237929728407,53,91,0
01-01-2026 13:40,28.152712590578048,3.890978555978519,20.39726154314788,35,78,0
01-01-2026 13:41,27.498629684416123,5.693409215376844,25.987784646993482,53,84,0
01-01-2026 13:42,27.379895851359493,5.254560174171171,22.113237410812705,55,99,0
01-01-2026 13:43,28.31139678700623,5.984590566,22.124363126969577,50,82,0
01-01-2026 13:44,27.94597020970623,4.687069587690287,22.247453056506828,25,75,0
01-01-2026 13:45,27.61444537226354,4.294619757740436,22.173289377352816,45,95,0
01-01-2026 13:46,27.93754842138737,5.002887383,15.424666608353728,55,98,0
01-01-2026 13:47,28.10921232433396,4.889851068097135,21.536234,29,91,0
01-01-2026 13:48,27.975144661999735,5.261465593445928,18.590133820843864,59,90,0
01-01-2026 13:49,27.534404154062173,5.429971337834543,26.065839255539192,62,83,0
01-01-2026 13:50,28.56566707106923,4.965082342048201,25.96520748,46,83,0
01-01-2026 13:51,28.30126539069637,4.903716782,24.12984583113897,68,97,0
01-01-2026 13:52,27.899386764497958,5.209087927806451,21.403831406652778,62,96,0
01-01-2026 13:53,27.911471603229312,4.897468533723001,19.479962658490752,43,87,0
01-01-2026 13:54,28.107846218413954,4.864007159641285,20.356047496810987,64,82,0
01-01-2026 13:55,27.66111358,5.414853975470114,26.856604766065082,66,79,0
01-01-2026 13:56,28.09680293096109,5.503911142761429,20.26950653,25,75,0
01-01-2026 13:57,27.60078026894177,5.433586497545237,16.11101161403484,69,87,0
01-01-2026 13:58,27.97883973494645,4.932708115,24.575413771213483,20,88,0
01-01-2026 13:59,27.64942855004294,4.144084404898726,25.751257784044732,44,91,0
01-01-2026 14:00,27.664574805301985,4.940717565442861,26.148039217916306,66,95,0
01-01-2026 14:01,28.493716784085464,4.6968079949291806,24.595870010623322,56,84,0
01-01-2026 14:02,28.017767768285367,4.948109992395765,25.00379919308695,33,79,0
01-01-2026 14:03,28.06222194562035,4.731563642912956,22.132335185133854,52,96,0
01-01-2026 14:04,27.396586041675604,4.9917040578137595,16.809260941270843,30,94,0
01-01-2026 14:05,27.820899472443685,4.584289748307374,22.069702603750034,31,88,0
01-01-2026 14:06,28.138363635611306,4.487713025312648,23.55393193104854,65,75,0
01-01-2026 14:07,28.05824087978425,5.489076593028357,21.661824858584374,22,86,0
01-01-2026 14:08,27.353791053593888,4.6121369546529385,21.547909703150964,68,90,0
01-01-2026 14:09,28.062141374997125,5.000132650102541,19.589704902454194,42,96,0
01-01-2026 14:10,28.109967641064905,5.3818059386411345,19.495653141819936,23,87,0
01-01-2026 14:11,28.38512859945961,5.365721650491829,26.595371286915174,59,86,0
01-01-2026 14:12,27.803430664318498,5.317939282,26.685865924700355,22,84,0
01-01-2026 14:13,27.32737938,5.1211466058006145,21.99338217188474,36,85,0
01-01-2026 14:14,27.700968774458453,5.289601323,22.703809012732318,32,75,0
01-01-2026 14:15,27.67088048833943,5.549235253042462,19.547854857407454,59,77,0
01-01-2026 14:16,28.221012663333994,5.170009038,23.606437124848636,39,93,0
01-01-2026 14:17,27.184979023481404,4.265119061274326,26.39912293,52,84,0
01-01-2026 14:18,27.865493061978214,4.788586717539961,18.176923050138267,23,96,0
01-01-2026 14:19,28.427738642073177,5.278548028688835,23.159708249255985,54,84,0
01-01-2026 14:20,28.00216373885009,4.749161626516238,23.34755561,55,99,0
01-01-2026 14:21,28.268895044852925,5.648042455783457,23.319016287223143,34,79,0
01-01-2026 14:22,27.507460499934673,4.974728068733428,26.107044169621172,64,79,0
01-01-2026 14:23,27.519403146038105,5.0340995085437745,27.09004553042788,43,89,0
01-01-2026 14:24,28.43117273735357,5.449897679560694,21.416290805318344,53,95,0
01-01-2026 14:25,28.030364609727176,4.926860041076283,23.682934180390895,29,78,0
01-01-2026 14:26,28.030982308662743,5.070510814291274,22.21058426431515,66,87,0
01-01-2026 14:27,27.664554151567902,5.3596493935996445,20.41971176765076,32,80,0
01-01-2026 14:28,28.03023451868507,4.4110917536665255,22.677035392202537,51,93,0
01-01-2026 14:29,27.656218729497972,4.885880735,23.67874882125062,24,89,0
01-01-2026 14:30,28.356061134671695,5.331661318151648,32.576164463475166,88,37,1
01-01-2026 14:31,28.818349212960452,5.026240059337038,19.797046976284705,26,81,0
01-01-2026 14:32,28.14518232,5.586933524830992,20.841098400360806,67,82,0
01-01-2026 14:33,27.809516084361537,4.369630656725232,20.860231449563358,30,90,0
01-01-2026 14:34,27.239902500851603,4.323999292821547,19.89389011267324,63,83,0
01-01-2026 14:35,27.49466077,5.307874606649087,26.439523577127517,81,43,1
01-01-2026 14:36,28.46645854930814,5.346322886,23.045280240732694,24,78,0
01-01-2026 14:37,27.691242447018677,4.922699997267267,24.44879400221799,42,82,0
01-01-2026 14:38,27.888749535494046,5.16015776,19.85594412959842,43,77,0
01-01-2026 14:39,28.196597792373755,5.298082791052563,20.55630328442802,33,77,0
01-01-2026 14:40,28.444686939808538,4.674454717659302,25.886423629828094,50,81,0
01-01-2026 14:41,27.940123923650848,4.717260649980281,21.58876034,63,87,0
01-01-2026 14:42,27.87859993910019,5.075890471679455,22.075327573129083,64,78,0
01-01-2026 14:43,28.021486308553204,5.361635583957488,21.562240696510877,46,77,0
01-01-2026 14:44,27.811708655008236,4.533617229456806,24.832577046804108,64,96,0
01-01-2026 14:45,27.82785423901211,4.920820947225992,24.92952170178757,66,87,0
01-01-2026 14:46,28.123564035260163,4.902305347318224,24.78302025147212,24,92,0
01-01-2026 14:47,28.055587455350345,5.167183642017106,22.06641902839387,51,93,0
01-01-2026 14:48,28.639481591967574,4.996520651996466,19.818910056277495,58,77,0
01-01-2026 14:49,28.13165464499063,4.781646566478856,26.813032694398135,20,90,0
01-01-2026 14:50,28.34534366442815,5.499426312302962,24.140772442388794,50,96,0
01-01-2026 14:51,27.67861444698306,4.784297007351672,20.858352546519026,65,86,0
01-01-2026 14:52,28.157547187009083,4.883161454791418,25.559547117361028,33,96,0
01-01-2026 14:53,27.78310559601968,4.363400945632151,20.66097771185226,62,98,0
01-01-2026 14:54,28.118635978988966,4.714549649261642,25.526758507971643,66,88,0
01-01-2026 14:55,28.20655437943445,5.206430431,25.69571147346123,51,77,0
01-01-2026 14:56,28.014960653200443,5.128240782541944,19.69629307079736,51,90,0
01-01-2026 14:57,28.722197716442437,5.239806796026305,23.45439576,46,97,0
01-01-2026 14:58,28.428393930732536,5.220392914378268,23.955476759903323,40,89,0
01-01-2026 14:59,28.35317359984873,5.835085614518062,28.53727299896583,42,95,0
01-01-2026 15:00,28.229285857711005,4.700856469021236,20.144247205915356,46,88,0
01-01-2026 15:01,28.529008245319012,4.352230502626084,25.581358192484572,44,85,0
01-01-2026 15:02,27.568909210759234,4.579778801571391,22.043365045083885,61,98,0
01-01-2026 15:03,28.411084935397174,4.7185392656673635,18.896589541048577,58,78,0
01-01-2026 15:04,27.702626706400142,4.610269225353235,21.70003207541428,37,86,0
01-01-2026 15:05,27.83069826427998,5.037464339057942,22.006161902749266,45,78,0
01-01-2026 15:06,28.16841773,5.501061962222808,19.352774517211778,30,91,0
01-01-2026 15:07,28.369966049653218,5.615863629187966,22.780434047128825,28,98,0
01-01-2026 15:08,27.653927010495412,5.201723400738642,24.394523138746454,38,99,0
01-01-2026 15:09,27.84623653669668,5.856508886181606,22.59550163515503,22,80,0
01-01-2026 15:10,28.029259621750395,4.857450777373432,20.64538977655031,62,93,0
01-01-2026 15:11,27.944090198591287,4.346992383199029,21.628819828982586,26,96,0
01-01-2026 15:12,28.256209618370555,5.421271227155268,21.988641608016373,36,95,0
01-01-2026 15:13,29.030778284795357,4.264562243300375,22.54330406870262,32,87,0
01-01-2026 15:14,28.125796212557763,4.697998790920078,24.774576905600078,30,79,0
01-01-2026 15:15,27.779441068551304,5.208044892969118,22.679849383465225,38,86,0
01-01-2026 15:16,27.6110475,4.959047407980488,18.493258428425722,55,94,0
01-01-2026 15:17,27.90242382592432,4.923618894851398,20.59419732002827,64,90,0
01-01-2026 15:18,27.717925034191364,4.527683986871997,22.415052627241593,29,84,0
01-01-2026 15:19,28.140264937592626,4.995679044226665,24.810311212385287,31,80,0
01-01-2026 15:20,28.135606490735267,5.401464995495116,25.24461610384138,43,91,0
01-01-2026 15:21,27.86104953864251,5.007987166614408,26.43671335396864,35,85,0
01-01-2026 15:22,28.595486504135135,4.667909648143576,22.326535993948262,59,86,0
01-01-2026 15:23,27.779365804228032,4.500984615761068,23.908272938756234,31,98,0
01-01-2026 15:24,27.96417067963055,4.676162166817768,18.363846163992577,40,75,0
01-01-2026 15:25,28.191748799766945,5.156933500965743,32.55690627802421,84,58,1
01-01-2026 15:26,28.26761646813095,5.137440904943884,19.311839746347847,39,97,0
01-01-2026 15:27,28.38327295646296,4.6797971597617325,21.843652010613127,50,98,0
01-01-2026 15:28,28.12854894369797,4.115696231207177,29.574595972180354,59,82,0
01-01-2026 15:29,28.31527381,5.168005105468866,22.758885590476073,46,99,0
01-01-2026 15:30,27.80046754839162,4.640917040409899,19.840466952049177,42,80,0
01-01-2026 15:31,28.275424588105114,5.275624991606113,23.019472514894762,67,76,0
01-01-2026 15:32,28.27141874504692,4.697556143,20.707312033526613,69,82,0
01-01-2026 15:33,28.45386600242606,4.604839818532076,19.598139717106122,69,88,0
01-01-2026 15:34,27.499469202331436,5.0612687629038335,27.257848833476253,20,75,0
01-01-2026 15:35,27.72784506531968,5.9430796920105475,24.667030065666882,61,79,0
01-01-2026 15:36,28.24694229081019,5.299611996446629,22.863841562489363,64,94,0
01-01-2026 15:37,27.20459065603558,5.05448772,21.020441774381148,60,90,0
01-01-2026 15:38,28.147601852136503,5.143540614552387,21.22302629,57,90,0
01-01-2026 15:39,28.31794132747941,4.299553655405761,25.856204667110376,38,99,0
01-01-2026 15:40,27.827087425734867,4.551063851698977,22.76644384416142,56,80,0
01-01-2026 15:41,27.870942999966427,3.995628453981144,14.292987142627966,48,97,0
01-01-2026 15:42,27.67775879582803,5.691949557830649,28.052346289147092,61,83,0
01-01-2026 15:43,27.84353586408058,5.610954411662299,22.45765589243071,37,98,0
01-01-2026 15:44,27.85222944941147,5.157127410485964,22.858422514337043,57,94,0
01-01-2026 15:45,27.795147617660344,5.054046041233682,24.71673703358699,59,80,0
01-01-2026 15:46,27.77869654666465,4.379363999000968,23.163507068278967,61,80,0
01-01-2026 15:47,27.918698564533482,4.912280015899723,23.867271544292024,28,88,0
01-01-2026 15:48,27.915068705303163,5.716956751361557,20.940691331587686,63,87,0
01-01-2026 15:49,28.562239569958315,5.052566399278286,18.925511690084033,30,80,0
01-01-2026 15:50,27.881744457064897,4.774141413515242,22.700581953682992,66,81,0
01-01-2026 15:51,28.103245064857557,4.296771735998554,34.936918217959814,95,60,1
01-01-2026 15:52,27.82693511005711,5.5521222910923225,20.380493604042208,31,93,0
01-01-2026 15:53,27.82312126724756,4.971966479588938,20.17994001295056,50,79,0
01-01-2026 15:54,27.488688838680215,4.297306458654869,25.052548150949843,47,93,0
01-01-2026 15:55,27.52859012565667,4.6302937271713835,20.85688698714727,54,78,0
01-01-2026 15:56,27.63790052,4.488984793056748,20.973600215413995,40,86,0
01-01-2026 15:57,28.055109050428022,4.947302589715211,21.067139317634396,20,75,0
01-01-2026 15:58,28.322852096585375,5.082935587845127,21.83754755,50,91,0
01-01-2026 15:59,27.464000641931346,4.798713174,18.06590476,45,79,0
01-01-2026 16:00,27.835276959595355,5.3108186385947524,32.550052556037635,95,55,1
01-01-2026 16:01,27.589932787194897,5.031520896188977,22.575920047849305,38,79,0
01-01-2026 16:02,27.920716871759936,5.424924954108852,22.55809484043707,64,79,0
01-01-2026 16:03,28.322730848112144,4.857122368767713,24.89498263144897,59,76,0
01-01-2026 16:04,27.865935279517608,6.218130236804458,26.59848055548701,29,88,0
01-01-2026 16:05,27.98574490834009,4.774204510610417,25.781208616661008,21,96,0
01-01-2026 16:06,28.436568518917696,4.638668003297651,24.286630960184837,29,82,0
01-01-2026 16:07,28.13737027915237,4.589479779961697,21.62816352308198,22,94,0
01-01-2026 16:08,27.77197244325496,4.915623709378278,20.44232733,55,88,0
01-01-2026 16:09,28.047674585750716,4.312185563653687,22.044696081271006,51,81,0
01-01-2026 16:10,27.751735296579312,5.117825137531124,23.463946924432246,43,76,0
01-01-2026 16:11,28.1261446,4.237878492174077,24.05484449561417,49,94,0
01-01-2026 16:12,28.15460204622183,5.0646683696228925,23.557714333789626,60,75,0
01-01-2026 16:13,27.589852089850464,4.459499302361459,21.697061321559868,61,85,0
01-01-2026 16:14,28.052544825215733,4.847482637047963,23.967155599605654,41,75,0
01-01-2026 16:15,27.964728022601225,5.241816159652943,40.75310047650756,99,54,1
01-01-2026 16:16,28.163403219151633,5.921615073550542,24.200400960168853,48,99,0
01-01-2026 16:17,28.24940411530574,4.568799791687537,21.91996736,67,83,0
01-01-2026 16:18,28.143234881237383,4.939873020229443,19.915378268734983,58,82,0
01-01-2026 16:19,27.909041993986076,4.710496530089783,19.85608142652973,35,89,0
01-01-2026 16:20,28.27999901,4.652051870975682,20.296955941019547,64,87,0
01-01-2026 16:21,27.738081167106923,4.7140106680121825,22.642687996687325,39,84,0
01-01-2026 16:22,27.60384340198915,5.329626590254776,23.299509383889085,57,84,0
01-01-2026 16:23,27.04141399463176,4.804777654307848,18.463669205139926,68,79,0
01-01-2026 16:24,27.978957714478852,5.899725079308342,20.74001222909112,60,81,0
01-01-2026 16:25,27.75353606815197,5.166391702357894,22.608213663263484,25,89,0
01-01-2026 16:26,28.119326342822607,4.595995736,19.750800224755995,30,93,0
01-01-2026 16:27,27.40863178178669,4.853317927141969,23.084760382649012,59,93,0
01-01-2026 16:28,27.80584643473015,4.679261203984004,21.231429272708585,26,87,0
01-01-2026 16:29,28.141080971759347,5.320027461178686,20.19144932082686,20,93,0
01-01-2026 16:30,27.691049156095307,4.344488137373899,22.133013581122245,32,89,0
01-01-2026 16:31,28.122777024583858,4.463619447825676,22.98070082394775,44,83,0
01-01-2026 16:32,27.832893221479587,4.763381552500343,19.878677714325182,26,83,0
01-01-2026 16:33,27.99015751,5.273178717,21.39346905046488,27,87,0
01-01-2026 16:34,28.178547401925055,5.493224109929109,23.16919594326777,36,82,0
01-01-2026 16:35,28.285839106934596,5.552216876309137,20.09477454170808,49,94,0
01-01-2026 16:36,28.027747723396182,5.211920607979012,17.855607898940246,47,79,0
01-01-2026 16:37,27.755796911536375,4.966844185456792,18.158565385775614,59,76,0
01-01-2026 16:38,27.862588341286106,5.3178503249255975,20.954872839857575,69,87,0
01-01-2026 16:39,28.19108660892609,4.542199753027316,18.703954309237155,21,76,0
